cate,num,num_sec,protect_unit,province,rx_time,title,type
新增项目,Ⅰ-1,1,台江县非物质文化遗产保护中心,贵州省台江县,2006</br>(第一批),苗族古歌,民间文学
新增项目,Ⅰ-1,1,黄平县非物质文化遗产保护中心,贵州省黄平县,2006</br>(第一批),苗族古歌,民间文学
扩展项目,Ⅰ-1,1,花垣县非物质文化遗产保护中心,湖南省花垣县,2011</br>(第三批),苗族古歌,民间文学
扩展项目,Ⅰ-1,1,清镇市文化馆,贵州省贵阳市清镇市,2021</br>(第五批),苗族古歌（簪汪传）,民间文学
新增项目,Ⅰ-2,2,田阳县文化馆,广西壮族自治区田阳县,2006</br>(第一批),布洛陀,民间文学
新增项目,Ⅰ-3,3,梁河县文化馆,云南省梁河县,2006</br>(第一批),遮帕麻和遮咪麻,民间文学
新增项目,Ⅰ-4,4,澜沧拉祜族自治县文化馆,云南省思茅市,2006</br>(第一批),牡帕密帕,民间文学
新增项目,Ⅰ-5,5,施秉县非物质文化遗产保护中心,贵州省施秉县,2006</br>(第一批),刻道,民间文学
新增项目,Ⅰ-6,6,镇江市非物质文化遗产保护中心,江苏省镇江市,2006</br>(第一批),白蛇传传说,民间文学
新增项目,Ⅰ-6,6,杭州市文化馆,浙江省杭州市,2006</br>(第一批),白蛇传传说,民间文学
新增项目,Ⅰ-7,7,宜兴市华夏梁祝文化研究会,江苏省宜兴市,2006</br>(第一批),梁祝传说,民间文学
新增项目,Ⅰ-7,7,宁波梁祝文化园管理有限公司,浙江省宁波市,2006</br>(第一批),梁祝传说,民间文学
新增项目,Ⅰ-7,7,杭州市文化馆,浙江省杭州市,2006</br>(第一批),梁祝传说,民间文学
新增项目,Ⅰ-7,7,绍兴市上虞区文化馆（区非物质遗产保护中心）,浙江省上虞市,2006</br>(第一批),梁祝传说,民间文学
新增项目,Ⅰ-7,7,济宁市梁祝文化研究会,山东省济宁市,2006</br>(第一批),梁祝传说,民间文学
新增项目,Ⅰ-7,7,汝南县文化馆,河南省汝南县,2006</br>(第一批),梁祝传说,民间文学
新增项目,Ⅰ-8,8,淄博市淄川区文化馆,山东省淄博市,2006</br>(第一批),孟姜女传说,民间文学
扩展项目,Ⅰ-8,8,秦皇岛市山海关区文化馆,河北省秦皇岛市,2008</br>(第二批),孟姜女传说,民间文学
扩展项目,Ⅰ-8,8,津市市文化馆（津市市美术馆）,湖南省津市市,2008</br>(第二批),孟姜女传说,民间文学
扩展项目,Ⅰ-8,8,莒县文化馆,山东省莒县,2011</br>(第三批),孟姜女传说,民间文学
扩展项目,Ⅰ-8,8,济南市文化馆（济南市非物质文化遗产保护中心）,山东省莱芜市莱城区,2014</br>(第四批),孟姜女传说,民间文学
新增项目,Ⅰ-9,9,万荣县文化馆,山西省万荣县,2006</br>(第一批),董永传说,民间文学
新增项目,Ⅰ-9,9,东台市文化馆,江苏省东台市,2006</br>(第一批),董永传说,民间文学
新增项目,Ⅰ-9,9,武陟县董永文化服务中心,河南省武陟县,2006</br>(第一批),董永传说,民间文学
新增项目,Ⅰ-9,9,孝感市群众艺术馆（孝感市非物质文化遗产保护中心）,湖北省孝感市,2006</br>(第一批),董永传说,民间文学
扩展项目,Ⅰ-9,9,常州市金坛区文化馆 ,江苏省金坛市,2008</br>(第二批),董永传说,民间文学
扩展项目,Ⅰ-9,9,博兴县文化馆,山东省博兴县,2008</br>(第二批),董永传说,民间文学
扩展项目,Ⅰ-9,9,丹阳市文化馆,江苏省丹阳市,2011</br>(第三批),董永传说,民间文学
新增项目,Ⅰ-10,10,诸暨市文化馆,浙江省诸暨市,2006</br>(第一批),西施传说,民间文学
新增项目,Ⅰ-11,11,台州市天台山文化研究会,浙江省天台县,2006</br>(第一批),济公传说,民间文学
新增项目,Ⅰ-12,12,吉林省艺术研究院（吉林省文化行业特有工种职业技能鉴定站、吉林省东北二人转博物馆、吉林省非物质文化遗产保护中心）,吉林省,2006</br>(第一批),满族说部,民间文学
扩展项目,Ⅰ-12,12,孙吴县文化馆,黑龙江省黑河市孙吴县,2021</br>(第五批),满族说部（孙吴县满语故事）,民间文学
新增项目,Ⅰ-13,13,凉州区文化馆,甘肃省武威市凉州区,2006</br>(第一批),河西宝卷,民间文学
新增项目,Ⅰ-13,13,肃州区文化馆,甘肃省酒泉市肃州区,2006</br>(第一批),河西宝卷,民间文学
扩展项目,Ⅰ-13,13,靖江市文化馆,江苏省靖江市,2008</br>(第二批),宝卷（靖江宝卷）,民间文学
扩展项目,Ⅰ-13,13,张掖市文化馆（张掖市非物质文化遗产传承保护中心）,甘肃省张掖市,2008</br>(第二批),宝卷（河西宝卷）,民间文学
扩展项目,Ⅰ-13,13,苏州市非物质文化遗产保护管理办公室（苏州市文化研究中心）,江苏省苏州市,2014</br>(第四批),宝卷（吴地宝卷）,民间文学
扩展项目,Ⅰ-13,13,岷县文化馆,甘肃省定西市岷县,2021</br>(第五批),宝卷（岷县宝卷）,民间文学
新增项目,Ⅰ-14,14,石家庄市藁城区文化馆,河北省藁城市,2006</br>(第一批),耿村民间故事,民间文学
新增项目,Ⅰ-15,15,丹江口市文化馆,湖北省丹江口市,2006</br>(第一批),伍家沟民间故事,民间文学
新增项目,Ⅰ-16,16,宜昌市夷陵区文化馆,湖北省宜昌市夷陵区,2006</br>(第一批),下堡坪民间故事,民间文学
新增项目,Ⅰ-17,17,重庆市九龙坡区文化馆,重庆市九龙坡区,2006</br>(第一批),走马镇民间故事,民间文学
新增项目,Ⅰ-18,18,盘锦市大洼区文化体育旅游发展促进中心（大洼区总工会文体活动管理中心）,辽宁省大洼县,2006</br>(第一批),古渔雁民间故事,民间文学
新增项目,Ⅰ-19,19,喀喇沁左翼蒙古族自治县公共文化和广播电视工作服务中心,辽宁省喀喇沁左翼蒙古族自治县,2006</br>(第一批),喀左东蒙民间故事,民间文学
新增项目,Ⅰ-20,20,新民市文化馆,辽宁省新民市,2006</br>(第一批),谭振山民间故事,民间文学
新增项目,Ⅰ-21,21,河间市文化馆,河北省河间市,2006</br>(第一批),河间歌诗,民间文学
新增项目,Ⅰ-22,22,苏州市非物质文化遗产保护管理办公室（苏州市文化研究中心）,江苏省苏州市,2006</br>(第一批),吴歌,民间文学
扩展项目,Ⅰ-22,22,无锡市锡山区吴歌锡剧研究会,江苏省无锡市,2008</br>(第二批),吴歌,民间文学
扩展项目,Ⅰ-22,22,上海市青浦区文化馆（上海青浦画院）,上海市青浦区,2008</br>(第二批),吴歌,民间文学
新增项目,Ⅰ-23,23,河池市宜州区刘三姐文化传承中心,广西壮族自治区宜州市,2006</br>(第一批),刘三姐歌谣,民间文学
新增项目,Ⅰ-24,24,红河哈尼族彝族自治州非物质文化遗产保护中心,云南省红河哈尼族彝族自治州,2006</br>(第一批),四季生产调,民间文学
新增项目,Ⅰ-25,25,克孜勒苏柯尔克孜自治州非物质文化遗产保护（玛纳斯保护研究）中心,新疆维吾尔自治区克孜勒苏柯尔克孜自治州,2006</br>(第一批),玛纳斯,民间文学
新增项目,Ⅰ-25,25,新疆维吾尔自治区民间文艺家协会，新疆维吾尔自治区艺术研究所（新疆维吾尔自治区非物质文化遗产保护研究中心）,新疆维吾尔自治区文联民间文艺家协会,2006</br>(第一批),玛纳斯,民间文学
新增项目,Ⅰ-26,26,和布克赛尔蒙古自治县非物质文化遗产保护中心,新疆维吾尔自治区和布克塞尔蒙古自治县,2006</br>(第一批),江格尔,民间文学
新增项目,Ⅰ-26,26,博尔塔拉蒙古自治州文化馆,新疆维吾尔自治区博尔塔拉蒙古自治州,2006</br>(第一批),江格尔,民间文学
新增项目,Ⅰ-26,26,新疆巴音郭楞蒙古自治州文化馆,新疆维吾尔自治区巴音郭楞蒙古自治州,2006</br>(第一批),江格尔,民间文学
新增项目,Ⅰ-26,26,新疆维吾尔自治区民间文艺家协会,新疆维吾尔自治区文联民间文艺家协会,2006</br>(第一批),江格尔,民间文学
扩展项目,Ⅰ-26,26,内蒙古自治区非物质文化遗产保护中心,内蒙古自治区,2021</br>(第五批),江格尔,民间文学
新增项目,Ⅰ-27,27,内蒙古自治区少数民族古籍与“格斯尔”征集研究室,内蒙古自治区,2006</br>(第一批),格萨（斯）尔,民间文学
新增项目,Ⅰ-27,27,甘孜藏族自治州文化馆,四川省,2006</br>(第一批),格萨（斯）尔,民间文学
新增项目,Ⅰ-27,27,迪庆藏族自治州非物质文化遗产保护中心,云南省 ,2006</br>(第一批),格萨（斯）尔,民间文学
新增项目,Ⅰ-27,27,西藏自治区文化厅,西藏自治区 ,2006</br>(第一批),格萨（斯）尔,民间文学
新增项目,Ⅰ-27,27,西北民族大学,甘肃省,2006</br>(第一批),格萨（斯）尔,民间文学
新增项目,Ⅰ-27,27,青海省《格萨尔》史诗研究所,青海省,2006</br>(第一批),格萨（斯）尔,民间文学
新增项目,Ⅰ-27,27,新疆维吾尔自治区民间文艺家协会,新疆维吾尔自治区,2006</br>(第一批),格萨（斯）尔,民间文学
新增项目,Ⅰ-27,27,中国社会科学院《格萨（斯）尔》办公室,中国社会科学院《格萨（斯）尔》办公室,2006</br>(第一批),格萨（斯）尔,民间文学
扩展项目,Ⅰ-27,27,巴林右旗格斯尔文化研究发展中心,内蒙古自治区巴林右旗,2014</br>(第四批),格萨（斯）尔,民间文学
新增项目,Ⅰ-28,28,石林彝族自治县文化馆,云南省石林彝族自治县,2006</br>(第一批),阿诗玛,民间文学
新增项目,Ⅰ-29,29,互助土族自治县文化馆,青海省互助土族自治县,2006</br>(第一批),拉仁布与吉门索,民间文学
新增项目,Ⅰ-30,30,霞浦县福宁文化艺术交流中心,福建省霞浦县,2006</br>(第一批),畲族小说歌,民间文学
新增项目,Ⅰ-31,31,宜都市文化馆（宜都市文艺创作室）,湖北省宜都市,2006</br>(第一批),青林寺谜语,民间文学
扩展项目,Ⅰ-31,31,汕头市澄海区文化馆,广东省汕头市澄海区,2008</br>(第二批),谜语（澄海灯谜）,民间文学
新增项目,Ⅰ-32,32,北京市延庆区文物管理所,北京市延庆县,2008</br>(第二批),八达岭长城传说,民间文学
新增项目,Ⅰ-33,33,北京市石景山区非物质文化遗产保护中心,北京市石景山区,2008</br>(第二批),永定河传说,民间文学
新增项目,Ⅰ-34,34,北京市房山区燕山文化馆,北京市房山区,2008</br>(第二批),杨家将传说（穆桂英传说）,民间文学
新增项目,Ⅰ-34,34,山西大学非物质文化遗产研究中心,山西省,2008</br>(第二批),杨家将传说（杨家将说唱）,民间文学
扩展项目,Ⅰ-34,34,天津市宁河区文化馆,天津市宁河县,2014</br>(第四批),杨家将传说（杨七郎墓传说）,民间文学
新增项目,Ⅰ-35,35,绛县文化馆,山西省绛县,2008</br>(第二批),尧的传说,民间文学
扩展项目,Ⅰ-35,35,菏泽市牡丹区文化馆,山东省菏泽市牡丹区,2011</br>(第三批),尧的传说,民间文学
新增项目,Ⅰ-36,36,和顺县文化馆,山西省和顺县,2008</br>(第二批),牛郎织女传说,民间文学
新增项目,Ⅰ-36,36,沂源县文化馆,山东省沂源县,2008</br>(第二批),牛郎织女传说,民间文学
扩展项目,Ⅰ-36,36,西咸新区沣东新城斗门街道办事处,陕西省西安市长安区,2011</br>(第三批),牛郎织女传说,民间文学
新增项目,Ⅰ-37,37,杭州图书馆,浙江省杭州市,2008</br>(第二批),西湖传说,民间文学
新增项目,Ⅰ-38,38,文成县非物质文化遗产保护中心,浙江省文成县,2008</br>(第二批),刘伯温传说,民间文学
新增项目,Ⅰ-38,38,青田县刘基研究会,浙江省青田县,2008</br>(第二批),刘伯温传说,民间文学
新增项目,Ⅰ-39,39,金华黄大仙文化研究会,浙江省金华市,2008</br>(第二批),黄初平（黄大仙）传说,民间文学
新增项目,Ⅰ-40,40,舟山市普陀山风景名胜区管理委员会,浙江省舟山市,2008</br>(第二批),观音传说,民间文学
新增项目,Ⅰ-41,41,象山县文化馆,浙江省象山县,2008</br>(第二批),徐福东渡传说,民间文学
新增项目,Ⅰ-41,41,慈溪市徐福研究会,浙江省慈溪市,2008</br>(第二批),徐福东渡传说,民间文学
扩展项目,Ⅰ-41,41,青岛市黄岛区琅琊暨徐福研究会,山东省胶南市,2011</br>(第三批),徐福传说,民间文学
扩展项目,Ⅰ-41,41,青岛市黄岛区文化馆,山东省青岛市黄岛区,2011</br>(第三批),徐福传说,民间文学
扩展项目,Ⅰ-41,41,连云港市赣榆区金山镇文化站,江苏省赣榆县,2011</br>(第三批),徐福传说,民间文学
新增项目,Ⅰ-42,42,菏泽市定陶区文化馆,山东省定陶县,2008</br>(第二批),陶朱公传说,民间文学
新增项目,Ⅰ-43,43,巨野县文化馆,山东省巨野县,2008</br>(第二批),麒麟传说,民间文学
新增项目,Ⅰ-43,43,嘉祥县文化馆,山东省嘉祥县,2008</br>(第二批),麒麟传说,民间文学
新增项目,Ⅰ-44,44,曲阜市文化馆,山东省曲阜市,2008</br>(第二批),鲁班传说,民间文学
新增项目,Ⅰ-44,44,山东省滕州市文化馆,山东省滕州市,2008</br>(第二批),鲁班传说,民间文学
新增项目,Ⅰ-45,45,蓬莱市文化馆,山东省蓬莱市,2008</br>(第二批),八仙传说,民间文学
新增项目,Ⅰ-46,46,青岛圣龙山旅游开发有限公司,山东省即墨市,2008</br>(第二批),秃尾巴老李的传说,民间文学
新增项目,Ⅰ-46,46,莒县文化馆,山东省莒县,2008</br>(第二批),秃尾巴老李的传说,民间文学
新增项目,Ⅰ-46,46,威海市文登区文化馆（威海市文登区非物质文化遗产保护中心）,山东省文登市,2008</br>(第二批),秃尾巴老李的传说,民间文学
新增项目,Ⅰ-46,46,诸城市文化馆,山东省诸城市,2008</br>(第二批),秃尾巴老李的传说,民间文学
新增项目,Ⅰ-47,47,秭归县文化馆（县文艺创作室、县非物质文化遗产保护中心）,湖北省秭归县,2008</br>(第二批),屈原传说,民间文学
新增项目,Ⅰ-48,48,兴山县文化馆,湖北省兴山县,2008</br>(第二批),王昭君传说,民间文学
新增项目,Ⅰ-49,49,随县文化馆（随县非物质文化遗产保护中心）,湖北省随州市,2008</br>(第二批),炎帝神农传说,民间文学
新增项目,Ⅰ-49,49,神农架林区群众艺术馆,湖北省神农架林区,2008</br>(第二批),炎帝神农传说,民间文学
新增项目,Ⅰ-50,50,虞城县文化馆,河南省虞城县,2008</br>(第二批),木兰传说,民间文学
新增项目,Ⅰ-50,50,武汉市黄陂区文化馆,湖北省武汉市黄陂区,2008</br>(第二批),木兰传说,民间文学
扩展项目,Ⅰ-50,50,延安市宝塔区文化馆,陕西省延安市宝塔区,2011</br>(第三批),木兰传说,民间文学
新增项目,Ⅰ-51,51,通辽市群众艺术馆,内蒙古自治区通辽市,2008</br>(第二批),巴拉根仓的故事,民间文学
新增项目,Ⅰ-52,52,北票市文化体育事业服务中心,辽宁省北票市,2008</br>(第二批),北票民间故事,民间文学
新增项目,Ⅰ-53,53,辽宁省文化遗产保护中心（辽宁省文物保护中心、辽宁省非物质文化遗产保护中心）,辽宁省文学艺术界联合会民间文艺家协会,2008</br>(第二批),满族民间故事,民间文学
新增项目,Ⅰ-54,54,绍兴市文化馆、绍兴市非物质文化遗产保护中心,浙江省绍兴市,2008</br>(第二批),徐文长故事,民间文学
新增项目,Ⅰ-55,55,青岛市崂山区非物质文化遗产保护协会,山东省青岛市崂山区,2008</br>(第二批),崂山民间故事,民间文学
新增项目,Ⅰ-56,56,长阳土家族自治县民族民间传统文化保护中心,湖北省长阳土家族自治县,2008</br>(第二批),都镇湾故事,民间文学
新增项目,Ⅰ-57,57,桐柏县人民文化馆,河南省桐柏县,2008</br>(第二批),盘古神话,民间文学
新增项目,Ⅰ-57,57,泌阳县人民文化馆,河南省泌阳县,2008</br>(第二批),盘古神话,民间文学
新增项目,Ⅰ-58,58,济源市邵原镇女娲文化研究基地,河南省济源市,2008</br>(第二批),邵原神话群,民间文学
新增项目,Ⅰ-59,59,科尔沁左翼中旗文化研究室,内蒙古自治区科尔沁左翼中旗,2008</br>(第二批),嘎达梅林,民间文学
新增项目,Ⅰ-60,60,内蒙古师范大学,内蒙古自治区,2008</br>(第二批),科尔沁潮尔史诗,民间文学
新增项目,Ⅰ-61,61,黔东南苗族侗族自治州文化研究所,贵州省黔东南苗族侗族自治州,2008</br>(第二批),仰阿莎,民间文学
新增项目,Ⅰ-62,62,盘州市非物质文化遗产保护中心,贵州省盘县,2008</br>(第二批),布依族盘歌,民间文学
新增项目,Ⅰ-63,63,楚雄彝族自治州文化馆,云南省楚雄彝族自治州,2008</br>(第二批),梅葛,民间文学
新增项目,Ⅰ-64,64,双柏县文化馆,云南省双柏县,2008</br>(第二批),查姆,民间文学
新增项目,Ⅰ-65,65,德宏州文化馆,云南省德宏傣族景颇族自治州,2008</br>(第二批),达古达楞格莱标,民间文学
新增项目,Ⅰ-66,66,元阳县文化馆,云南省元阳县,2008</br>(第二批),哈尼哈吧,民间文学
新增项目,Ⅰ-67,67,西双版纳傣族自治州文化馆,云南省西双版纳傣族自治州,2008</br>(第二批),召树屯与喃木诺娜,民间文学
新增项目,Ⅰ-68,68,东乡族自治县文化馆,甘肃省东乡族自治县,2008</br>(第二批),米拉尕黑,民间文学
新增项目,Ⅰ-69,69,治多县政府民族语言文字工作办公室,青海省治多县,2008</br>(第二批),康巴拉伊,民间文学
新增项目,Ⅰ-70,70,海西蒙古族藏族自治州民族文化活动中心（海西蒙古族藏族自治州群众艺术馆）,青海省海西蒙古族藏族自治州,2008</br>(第二批),汗青格勒,民间文学
新增项目,Ⅰ-71,71,新疆维吾尔自治区民间文艺家协会,新疆维吾尔自治区,2008</br>(第二批),维吾尔族达斯坦,民间文学
新增项目,Ⅰ-72,72,新疆维吾尔自治区民间文艺家协会,新疆维吾尔自治区文学艺术界联合会民间文艺家协会,2008</br>(第二批),哈萨克族达斯坦,民间文学
新增项目,Ⅰ-72,72,沙湾县文化馆,新疆维吾尔自治区沙湾县,2008</br>(第二批),哈萨克族达斯坦,民间文学
新增项目,Ⅰ-72,72,福海县文化馆,新疆维吾尔自治区福海县,2008</br>(第二批),哈萨克族达斯坦,民间文学
新增项目,Ⅰ-73,73,榕江县非物质文化遗产保护中心,贵州省榕江县,2008</br>(第二批),珠郎娘美,民间文学
新增项目,Ⅰ-73,73,从江县非物质文化遗产保护中心,贵州省从江县,2008</br>(第二批),珠郎娘美,民间文学
新增项目,Ⅰ-74,74,沧源佤族自治县文化馆,云南省沧源佤族自治县,2008</br>(第二批),司岗里,民间文学
扩展项目,Ⅰ-74,74,西盟佤族自治县文化馆,云南省西盟佤族自治县,2011</br>(第三批),司岗里,民间文学
新增项目,Ⅰ-75,75,美姑县文化馆,四川省美姑县,2008</br>(第二批),彝族克智,民间文学
新增项目,Ⅰ-76,76,黔东南苗族侗族自治州文化研究所,贵州省黔东南苗族侗族自治州,2008</br>(第二批),苗族贾理,民间文学
新增项目,Ⅰ-77,77,青海省文化馆,青海省,2008</br>(第二批),藏族婚宴十八说,民间文学
新增项目,Ⅰ-78,78,北京市宣武师范学校附属第一小学,北京市宣武区,2008</br>(第二批),童谣（北京童谣）,民间文学
新增项目,Ⅰ-78,78,厦门市集美区灌口小学（福建省厦门实验小学集美分校）,福建省厦门市,2008</br>(第二批),童谣（闽南童谣）,民间文学
扩展项目,Ⅰ-78,78,绍兴市文化馆、绍兴市非物质文化遗产保护中心,浙江省绍兴市,2014</br>(第四批),童谣（绍兴童谣）,民间文学
扩展项目,Ⅰ-78,78,古城区非物质文化遗产保护管理中心,云南省丽江市古城区,2021</br>(第五批),童谣（纳西族童谣）,民间文学
新增项目,Ⅰ-79,79,桐城市文化馆,安徽省桐城市,2008</br>(第二批),桐城歌,民间文学
新增项目,Ⅰ-80,80,龙山县非物质文化遗产保护中心,湖南省龙山县,2008</br>(第二批),土家族梯玛歌,民间文学
新增项目,Ⅰ-81,81,雷州市雷歌研究会,广东省雷州市,2008</br>(第二批),雷州歌,民间文学
新增项目,Ⅰ-82,82,平果县民俗文化传承展示中心,广西壮族自治区平果县,2008</br>(第二批),壮族嘹歌,民间文学
新增项目,Ⅰ-83,83,新疆阿克陶县文化馆,新疆维吾尔自治区阿克陶县,2008</br>(第二批),柯尔克孜约隆,民间文学
新增项目,Ⅰ-83,83,新疆师范大学,新疆师范大学,2008</br>(第二批),柯尔克孜约隆,民间文学
新增项目,Ⅰ-84,84,万荣县笑话研究会,山西省万荣县,2008</br>(第二批),笑话（万荣笑话）,民间文学
新增项目,Ⅰ-85,85,北京市东城区第二文化馆（北京市东城区非物质文化遗产保护中心）,北京市东城区,2011</br>(第三批),天坛传说,民间文学
新增项目,Ⅰ-86,86,北京市植物园,北京市海淀区,2011</br>(第三批),曹雪芹传说,民间文学
新增项目,Ⅰ-87,87,平泉市文化馆,河北省平泉县,2011</br>(第三批),契丹始祖传说,民间文学
新增项目,Ⅰ-88,88,盂县人民文化馆,山西省盂县,2011</br>(第三批),赵氏孤儿传说,民间文学
新增项目,Ⅰ-89,89,晋城市城区文化馆,山西省晋城市城区,2011</br>(第三批),白马拖缰传说,民间文学
新增项目,Ⅰ-90,90,沁水县人民文化馆,山西省沁水县,2011</br>(第三批),舜的传说,民间文学
新增项目,Ⅰ-90,90,诸城市文化馆,山东省诸城市,2011</br>(第三批),舜的传说,民间文学
新增项目,Ⅰ-91,91,汶川县文化馆,四川省汶川县,2011</br>(第三批),禹的传说,民间文学
新增项目,Ⅰ-91,91,北川羌族自治县文化馆,四川省北川羌族自治县,2011</br>(第三批),禹的传说,民间文学
扩展项目,Ⅰ-91,91,武汉市晴川阁管理处（武汉大禹文化博物馆）,湖北省武汉市汉阳区,2021</br>(第五批),禹的传说（武汉大禹治水传说）,民间文学
新增项目,Ⅰ-92,92,德清县文化馆,浙江省德清县,2011</br>(第三批),防风传说,民间文学
新增项目,Ⅰ-93,93,泸溪县非物质文化遗产保护中心,湖南省泸溪县,2011</br>(第三批),盘瓠传说,民间文学
新增项目,Ⅰ-94,94,山东省东明县文化馆,山东省东明县,2011</br>(第三批),庄子传说,民间文学
新增项目,Ⅰ-95,95,潍坊市寒亭区文化馆,山东省潍坊市寒亭区,2011</br>(第三批),柳毅传说,民间文学
新增项目,Ⅰ-96,96,黄梅县文化馆,湖北省黄梅县,2011</br>(第三批),禅宗祖师传说,民间文学
扩展项目,Ⅰ-96,96,新兴县文化馆,广东省云浮市新兴县,2021</br>(第五批),禅宗祖师传说（六祖传说）,民间文学
新增项目,Ⅰ-97,97,宁波市奉化区弥勒文化研究会,浙江省奉化市,2011</br>(第三批),布袋和尚传说,民间文学
新增项目,Ⅰ-98,98,杭州市临安区文化馆（杭州市临安区非物质文化遗产保护中心）,浙江省临安市,2011</br>(第三批),钱王传说,民间文学
新增项目,Ⅰ-99,99,杭州名人纪念馆,浙江省杭州市,2011</br>(第三批),苏东坡传说,民间文学
扩展项目,Ⅰ-99,99,黄冈市群众艺术馆（黄冈市民俗博物馆）,湖北省黄冈市,2014</br>(第四批),苏东坡传说,民间文学
新增项目,Ⅰ-100,100,绍兴市文化馆、绍兴市非物质文化遗产保护中心,浙江省绍兴市,2011</br>(第三批),王羲之传说,民间文学
新增项目,Ⅰ-101,101,蕲春县文化馆,湖北省蕲春县,2011</br>(第三批),李时珍传说,民间文学
新增项目,Ⅰ-102,102,汉中市民间文艺家协会,陕西省汉中市,2011</br>(第三批),蔡伦造纸传说,民间文学
新增项目,Ⅰ-103,103,菏泽市牡丹区文化馆,山东省菏泽市牡丹区,2011</br>(第三批),牡丹传说,民间文学
新增项目,Ⅰ-104,104,泰安市泰山景区教育中心,山东省泰安市,2011</br>(第三批),泰山传说,民间文学
新增项目,Ⅰ-105,105,武汉市黄鹤楼公园管理处,湖北省武汉市武昌区,2011</br>(第三批),黄鹤楼传说,民间文学
新增项目,Ⅰ-106,106,陵川县人民文化馆,山西省陵川县,2011</br>(第三批),烂柯山的传说,民间文学
新增项目,Ⅰ-106,106,衢州市文化馆（衢州市非物质文化遗产保护中心）,浙江省衢州市,2011</br>(第三批),烂柯山的传说,民间文学
新增项目,Ⅰ-107,107,西藏林芝市米林县文化和旅游局,西藏自治区米林县,2011</br>(第三批),珞巴族始祖传说,民间文学
新增项目,Ⅰ-108,108,果洛藏族自治州群众艺术馆,青海省果洛藏族自治州,2011</br>(第三批),阿尼玛卿雪山传说,民间文学
新增项目,Ⅰ-109,109,沈阳市于洪区文化馆,辽宁省沈阳市,2011</br>(第三批),锡伯族民间故事,民间文学
新增项目,Ⅰ-110,110,西藏那曲市嘉黎县文化和旅游局,西藏自治区嘉黎县,2011</br>(第三批),嘉黎民间故事,民间文学
新增项目,Ⅰ-111,111,温州市洞头区民间文艺工作者协会,浙江省洞头县,2011</br>(第三批),海洋动物故事,民间文学
新增项目,Ⅰ-112,112,永顺县非物质文化遗产保护中心,湖南省永顺县,2011</br>(第三批),土家族哭嫁歌,民间文学
新增项目,Ⅰ-112,112,古丈县非物质文化遗产保护中心,湖南省古丈县,2011</br>(第三批),土家族哭嫁歌,民间文学
新增项目,Ⅰ-113,113,富宁县文化馆,云南省富宁县,2011</br>(第三批),坡芽情歌,民间文学
新增项目,Ⅰ-114,114,东乌珠穆沁旗文化馆,内蒙古自治区东乌珠穆沁旗,2011</br>(第三批),祝赞词,民间文学
新增项目,Ⅰ-114,114,博湖县非物质文化遗产保护中心,新疆维吾尔自治区博湖县,2011</br>(第三批),祝赞词,民间文学
新增项目,Ⅰ-114,114,和布克赛尔蒙古自治县非物质文化遗产保护中心,新疆维吾尔自治区和布克赛尔蒙古自治县,2011</br>(第三批),祝赞词,民间文学
扩展项目,Ⅰ-114,114,肃北蒙古族自治县文化馆,甘肃省酒泉市肃北蒙古族自治县,2021</br>(第五批),祝赞词（肃北蒙古族祝赞词）,民间文学
新增项目,Ⅰ-115,115,保康县文化馆,湖北省保康县,2011</br>(第三批),黑暗传,民间文学
新增项目,Ⅰ-115,115,神农架林区群众艺术馆,湖北省神农架林区,2011</br>(第三批),黑暗传,民间文学
新增项目,Ⅰ-116,116,前郭尔罗斯蒙古族自治县文化工作总站（前郭县非物质文化遗产保护中心）,吉林省前郭尔罗斯蒙古族自治县,2011</br>(第三批),陶克陶胡,民间文学
新增项目,Ⅰ-117,117,都安瑶族自治县文化馆,广西壮族自治区都安瑶族自治县,2011</br>(第三批),密洛陀,民间文学
新增项目,Ⅰ-118,118,紫云苗族布依族自治县亚鲁王文化研究中心,贵州省紫云苗族布依族自治县,2011</br>(第三批),亚鲁王,民间文学
新增项目,Ⅰ-119,119,德宏州文化馆,云南省德宏傣族景颇族自治州,2011</br>(第三批),目瑙斋瓦,民间文学
新增项目,Ⅰ-120,120,墨江哈尼族自治县文化馆,云南省墨江哈尼族自治县,2011</br>(第三批),洛奇洛耶与扎斯扎依,民间文学
新增项目,Ⅰ-121,121,弥勒市文化馆,云南省弥勒县,2011</br>(第三批),阿细先基,民间文学
新增项目,Ⅰ-122,122,汶川县文化馆,四川省汶川县,2011</br>(第三批),羌戈大战,民间文学
新增项目,Ⅰ-123,123,伊宁市文化馆,新疆维吾尔自治区伊宁市,2011</br>(第三批),恰克恰克,民间文学
新增项目,Ⅰ-124,124,酉阳土家族苗族自治县文化馆,重庆市酉阳土家族苗族自治县,2011</br>(第三批),酉阳古歌,民间文学
新增项目,Ⅰ-125,125,上海市闵行区浦江镇文化体育事业发展中心,上海市闵行区,2011</br>(第三批),谚语（沪谚）,民间文学
扩展项目,Ⅰ-125,125,榆林市群众艺术馆,陕西省榆林市,2014</br>(第四批),谚语（陕北民谚）,民间文学
扩展项目,Ⅰ-125,125,特克斯县文化馆,新疆维吾尔自治区伊犁哈萨克自治州特克斯县,2021</br>(第五批),谚语（哈萨克族谚语）,民间文学
新增项目,Ⅰ-126,126,北京市丰台区文化馆,北京市丰台区,2014</br>(第四批),卢沟桥传说,民间文学
新增项目,Ⅰ-127,127,临漳县文化馆,河北省临漳县,2014</br>(第四批),鬼谷子传说 ,民间文学
新增项目,Ⅰ-128,128,连云港市孝文化研究会,江苏省连云港市,2014</br>(第四批),东海孝妇传说,民间文学
新增项目,Ⅰ-129,129,台州市天台山文化研究会,浙江省天台县,2014</br>(第四批),刘阮传说,民间文学
新增项目,Ⅰ-130,130,怀宁县文化馆,安徽省怀宁县,2014</br>(第四批),孔雀东南飞传说,民间文学
新增项目,Ⅰ-130,130,潜山市文化馆,安徽省潜山县,2014</br>(第四批),孔雀东南飞传说,民间文学
新增项目,Ⅰ-131,131,涡阳县文化馆,安徽省涡阳县,2014</br>(第四批),老子传说,民间文学
新增项目,Ⅰ-131,131,灵宝市文化馆,河南省灵宝市,2014</br>(第四批),老子传说,民间文学
新增项目,Ⅰ-132,132,泉州市洛江区文化馆,福建省泉州市洛江区,2014</br>(第四批),陈三五娘传说,民间文学
新增项目,Ⅰ-133,133,青岛城阳流亭峄阳文化园,山东省青岛市城阳区,2014</br>(第四批),胡峄阳传说,民间文学
新增项目,Ⅰ-134,134,邹城市文化馆,山东省邹城市,2014</br>(第四批),孟母教子传说,民间文学
新增项目,Ⅰ-135,135,洛阳市文化馆（洛阳市非物质文化遗产保护中心）,河南省洛阳市,2014</br>(第四批),河图洛书传说,民间文学
新增项目,Ⅰ-136,136,杞县人民文化馆（杞县送戏下乡艺术团）,河南省杞县,2014</br>(第四批),杞人忧天传说,民间文学
新增项目,Ⅰ-137,137,湖北省群众艺术馆（湖北省非物质文化遗产保护中心）,湖北省,2014</br>(第四批),三国传说,民间文学
新增项目,Ⅰ-138,138,,湖北省武汉市,2014</br>(第四批),伯牙子期传说,民间文学
新增项目,Ⅰ-139,139,房县文化馆,湖北省房县,2014</br>(第四批),尹吉甫传说,民间文学
新增项目,Ⅰ-140,140,郴州市苏仙区文化馆,湖南省郴州市苏仙区,2014</br>(第四批),苏仙传说,民间文学
新增项目,Ⅰ-141,141,金阳县文化馆,四川省金阳县,2014</br>(第四批),毕阿史拉则传说,民间文学
新增项目,Ⅰ-142,142,洛南县文化馆,陕西省洛南县,2014</br>(第四批),仓颉传说,民间文学
新增项目,Ⅰ-142,142,白水县文化馆,陕西省白水县,2014</br>(第四批),仓颉传说,民间文学
新增项目,Ⅰ-143,143,循化撒拉族自治县文化馆,青海省循化撒拉族自治县,2014</br>(第四批),骆驼泉传说,民间文学
新增项目,Ⅰ-144,144,泾源县文化馆,宁夏回族自治区泾源县,2014</br>(第四批),回族民间故事,民间文学
新增项目,Ⅰ-145,145,阳城县文化馆,山西省阳城县,2014</br>(第四批),广禅侯故事,民间文学
新增项目,Ⅰ-146,146,吉水县文化馆,江西省吉水县,2014</br>(第四批),解缙故事,民间文学
新增项目,Ⅰ-147,147,横县文化馆（横县非物质文化遗产保护中心）,广西壮族自治区横县,2014</br>(第四批),壮族百鸟衣故事,民间文学
新增项目,Ⅰ-148,148,喀什地区文化馆,新疆维吾尔自治区喀什地区,2014</br>(第四批),阿凡提故事,民间文学
新增项目,Ⅰ-149,149,重庆市南岸区文化馆,重庆市南岸区,2014</br>(第四批),广阳镇民间故事,民间文学
新增项目,Ⅰ-150,150,新疆天池管理委员会（新疆天山天池风景名胜区管理委员会、新疆天池博格达峰自然保护区管理局）,新疆维吾尔自治区阜康市,2014</br>(第四批),西王母神话,民间文学
新增项目,Ⅰ-151,151,江华瑶族自治县文化馆,湖南省江华瑶族自治县,2014</br>(第四批),盘王大歌,民间文学
新增项目,Ⅰ-152,152,喜德县文化馆,四川省喜德县,2014</br>(第四批),玛牧,民间文学
新增项目,Ⅰ-153,153,古城区非物质文化遗产保护管理中心,云南省丽江市古城区,2014</br>(第四批),黑白战争,民间文学
新增项目,Ⅰ-154,154,互助土族自治县文化馆,青海省互助土族自治县,2014</br>(第四批),祁家延西,民间文学
新增项目,Ⅰ-155,155,常山县文化馆,浙江省常山县,2014</br>(第四批),常山喝彩歌谣,民间文学
新增项目,Ⅰ-156,156,北京市八大处公园管理处,北京市石景山区,2021</br>(第五批),八大处传说,民间文学
新增项目,Ⅰ-157,157,洛阳市偃师区人民文化馆,河南省洛阳市偃师区,2021</br>(第五批),玄奘传说,民间文学
新增项目,Ⅰ-158,158,竹山县文化馆,湖北省十堰市竹山县,2021</br>(第五批),女娲传说,民间文学
新增项目,Ⅰ-159,159,永顺县非物质文化遗产保护中心,湖南省湘西土家族苗族自治州永顺县,2021</br>(第五批),老司城传说,民间文学
新增项目,Ⅰ-160,160,南雄市文化馆,广东省韶关市南雄市,2021</br>(第五批),珠玑巷人南迁传说,民间文学
新增项目,Ⅰ-161,161,城固县文化馆,陕西省汉中市城固县,2021</br>(第五批),张骞传说,民间文学
新增项目,Ⅰ-162,162,久治县文化馆,青海省果洛藏族自治州久治县,2021</br>(第五批),藏族民间传说（年保玉则传说）,民间文学
新增项目,Ⅰ-163,163,鄂温克族自治旗文化馆,内蒙古自治区呼伦贝尔市鄂温克族自治旗,2021</br>(第五批),鄂温克族民间故事,民间文学
新增项目,Ⅰ-164,164,合肥市文化馆,安徽省合肥市,2021</br>(第五批),包公故事,民间文学
新增项目,Ⅰ-165,165,罗城仫佬族自治县文化馆,广西壮族自治区河池市罗城仫佬族自治县,2021</br>(第五批),仫佬族古歌,民间文学
新增项目,Ⅰ-166,166,松桃苗族自治县文化馆,贵州省铜仁市松桃苗族自治县,2021</br>(第五批),巴狄雄萨滚,民间文学
新增项目,Ⅰ-167,167,绿春县文化馆（绿春县非物质文化遗产保护中心）,云南省红河哈尼族彝族自治州绿春县,2021</br>(第五批),都玛简收,民间文学
新增项目,Ⅱ-1,1,左权县民歌研究中心,山西省左权县 ,2006</br>(第一批),左权开花调,传统音乐
新增项目,Ⅱ-2,2,河曲县二人台艺术研究中心,山西省河曲县 ,2006</br>(第一批),河曲民歌,传统音乐
新增项目,Ⅱ-3,3,内蒙古自治区艺术研究所（内蒙古自治区艺术档案馆）,内蒙古自治区,2006</br>(第一批),蒙古族长调民歌,传统音乐
扩展项目,Ⅱ-3,3,新疆巴音郭楞蒙古自治州文化馆,新疆维吾尔自治区巴音郭楞蒙古自治州,2008</br>(第二批),蒙古族长调民歌,传统音乐
扩展项目,Ⅱ-3,3,和布克赛尔蒙古自治县非物质文化遗产保护中心,新疆维吾尔自治区和布克赛尔蒙古自治县,2008</br>(第二批),蒙古族长调民歌,传统音乐
扩展项目,Ⅱ-3,3,新巴尔虎左旗文化馆,内蒙古自治区新巴尔虎左旗,2014</br>(第四批),蒙古族长调民歌（巴尔虎长调）,传统音乐
扩展项目,Ⅱ-3,3,西乌珠穆沁旗文化馆,内蒙古自治区锡林郭勒盟西乌珠穆沁旗,2021</br>(第五批),蒙古族长调民歌（乌珠穆沁长调）,传统音乐
新增项目,Ⅱ-4,4,内蒙古自治区艺术研究所（内蒙古自治区艺术档案馆）,内蒙古自治区,2006</br>(第一批),蒙古族呼麦,传统音乐
扩展项目,Ⅱ-4,4,阿勒泰市文化馆（阿勒泰市非物质文化遗产保护中心、阿勒泰市美术馆）,新疆维吾尔自治区阿勒泰地区,2008</br>(第二批),蒙古族呼麦,传统音乐
